Vincent Daniels,vincentdaniels,vincentdaniels13@gmail.com,PTAC^Pv01,03/09/1992,2332 Robinson Fords Suite 305,Tammychester,Michigan,76001,(655)958-7929,Sanchez-Sparks,Electrical engineer
Marisa Parker,marisaparker,marisa.parker@gmail.com,PTAC^Ex01,12/14/1994,8004 Julie Coves Suite 529,Michaelburgh,Montana,88861,499.482.6048,"Perez, Ross and Tucker",Marine scientist
Jennifer Glenn,jenniferglenn,jglenn@outlook.com,PTAC#Hq00,08/25/1991,60611 Heather Plains,Johnsonhaven,Ohio,85789,001-398-923-5426,Jackson-Sullivan,Secondary school teacher
Maria Wells,mariawells,mwells@outlook.com,PTAC@Se00,10/03/1991,433 Robertson Plains,Gonzalesmouth,Alabama,29611,(491)396-3391x686,Smith Group,Occupational hygienist
Tommy Acosta,tommyacosta,tacosta@outlook.com,PTAC!On03,03/12/1965,0553 Christopher Valley Suite 251,Lake Eddie,New Hampshire,90982,+1-612-982-6252,"Townsend, Cox and Zhang",Tourism officer
Jeremy Jones,jeremyjones,jeremy.jones@gmail.com,PTAC#Kx02,03/31/1986,1661 Booth Terrace Suite 497,Morrisville,South Dakota,53373,001-295-329-1781x66441,Mcmahon Inc,Naval architect
Stephanie Mcmahon,stephaniemcmahon,stephaniemcmahon53@outlook.com,PTAC!Li00,04/01/1977,4905 Mann Isle Apt. 052,East Sheenastad,Maine,56559,+1-837-885-4151x508,"Davis, Williams and Ritter",Pensions consultant
Ellen Stone,ellenstone,estone@outlook.com,PTAC&Oj00,04/07/1968,11607 Suarez Mews Apt. 023,New Ronald,North Dakota,24593,+1-873-225-2957x89523,Powell-Norris,Clinical research associate
Mallory Brown,mallorybrown,mallorybrown41@outlook.com,PTAC^Pc00,04/15/1982,5603 Steve Squares Apt. 600,Ruizmouth,New Jersey,76937,001-653-795-4457,"Arnold, Nichols and Davis",Airline pilot
Sonya Brown,sonyabrown,sonyabrown95@gmail.com,PTAC%In00,09/26/2003,22675 Mark Station Apt. 201,Castilloport,New York,10159,(398)872-1495x3730,"Munoz, Howell and Jackson",Education administrator
